{
    "count": 507581,
    "count_filtered": 100,
    "results": [{
        "url": "https://hr.n1info.com/vijesti/hdz-bi-ulicu-gdje-je-rusko-veleposlanstvo-nazvali-po-hrvatu-poginulom-u-ukrajini/",
        "author": "Hina",
        "date": "1663409642",
        "title": "HDZ-ovci bi ulicu gdje je rusko veleposlanstvo nazvali po Hrvatu poginulom u Ukrajini",
        "host": "n1info.com",
        "quote": "Hrvatski sabor 25 . veljače  \u003cspan class='rec'\u003eove\u003c/span\u003e godine usvojio „ Deklaraciju ;",
        "WordCount": [{
            "word": "ove",
            "count": 1,
            "freq": 0.4950495
        }],
        "total_word_count": 202
    }, {
        "url": "https://hr.n1info.com/znanost/ultrapreradena-hrana-svuda-oko-nas-po-zdravlje-puno-opasnija-nego-sto-se-misli/",
        "author": "N",
        "date": "1663405011",
        "title": "Ultraprerađena hrana svuda je oko nas: Puno je opasnija po zdravlje nego što se misli!",
        "host": "n1info.com",
        "quote": "golemi izazov . Na ambalaži  \u003cspan class='rec'\u003eove\u003c/span\u003e hrane također ne stoji ;",
        "WordCount": [{
            "word": "ove",
            "count": 1,
            "freq": 0.12658228
        }],
        "total_word_count": 790
    }, {
        "url": "https://hr.n1info.com/vijesti/zapovjednik-jvp-a-karlovac-prvi-put-isprobavamo-novi-sustav-obrane-od-poplava/",
        "author": "N",
        "date": "1663403843",
        "title": "Vodom protiv vode: Što su boks barijere, sustav obrane od poplave koji se prvi put koristi u Karlovcu?",
        "host": "n1info.com",
        "quote": "su za niže vodostaje .  \u003cspan class='rec'\u003eOve\u003c/span\u003e mogu štititi i do ;",
        "WordCount": [{
            "word": "ove",
            "count": 1,
            "freq": 0.56497175
        }],
        "total_word_count": 177
    }, {
        "url": "https://hr.n1info.com/vijesti/trosak-prijevoza-pao-cijena-hrane-nastavila-rasti/",
        "author": "Hina",
        "date": "1663400614",
        "title": "Zabilježena prva jača pojeftinjenja: Evo koje su cijene pale",
        "host": "n1info.com",
        "quote": ", u prvih osam mjeseci  \u003cspan class='rec'\u003eove\u003c/span\u003e godine indeks potrošačkih cijena ;",
        "WordCount": [{
            "word": "ove",
            "count": 1,
            "freq": 0.3448276
        }],
        "total_word_count": 290
    }, {
        "url": "https://hr.n1info.com/svijet/njemacki-grad-dopustio-plivanje-u-toplesu-nakon-rodne-rasprave/",
        "author": "Hina",
        "date": "1663393911",
        "title": "Njemački grad dopustio plivanje u toplesu nakon rodne rasprave - N1",
        "host": "n1info.com",
        "quote": "na četiri gradska bazena ranije  \u003cspan class='rec'\u003eove\u003c/span\u003e godine . Veliki broj ;",
        "WordCount": [{
            "word": "ove",
            "count": 1,
            "freq": 0.8064516
        }],
        "total_word_count": 124
    }, {
        "url": "https://hr.n1info.com/svijet/rusija-nasla-nacin-kako-zaobici-americke-sankcije/",
        "author": "Hina",
        "date": "1663391754",
        "title": "Rusija našla način kako zaobići američke sankcije",
        "host": "n1info.com",
        "quote": "za Ruse znatno je porasla  \u003cspan class='rec'\u003eove\u003c/span\u003e godine , nakon što ;",
        "WordCount": [{
            "word": "ove",
            "count": 1,
            "freq": 0.2710027
        }],
        "total_word_count": 369
    }, {
        "url": "https://hr.n1info.com/crna-kronika/video-pucnjava-i-ubojstvo-u-karlovcu-specijalci-objavili-snimku-uhicenja/",
        "author": "Hina",
        "date": "1663391253",
        "title": "VIDEO Pucnjava i ubojstvo u Karlovcu, specijalci objavili snimku uhićenja",
        "host": "n1info.com",
        "quote": "nakon utvrđenih činjenica i nadopuna  \u003cspan class='rec'\u003eove\u003c/span\u003e informacije . N1 pratite ;",
        "WordCount": [{
            "word": "ove",
            "count": 1,
            "freq": 0.43103448
        }],
        "total_word_count": 232
    }, {
        "url": "https://hr.n1info.com/crna-kronika/pucnjava-kod-karlovca-jedna-osoba-ubijena-druga-ranjena-napadac-uhicen/",
        "author": "N",
        "date": "1663355286",
        "title": "Pucnjava kod Karlovca. Jedna osoba ubijena, druga ranjena. Napadač uhićen",
        "host": "n1info.com",
        "quote": "nakon utvrđenih činjenica i nadopuna  \u003cspan class='rec'\u003eove\u003c/span\u003e informacije ” , objavila ;",
        "WordCount": [{
            "word": "ove",
            "count": 1,
            "freq": 0.53475934
        }],
        "total_word_count": 187
    }, {
        "url": "https://hr.n1info.com/svijet/rodendan-hamburske-luke-evo-zasto-je-ovaj-dogadaj-vazan-za-hrvate/",
        "author": "N",
        "date": "1663348751",
        "title": "Rođendan hamburške luke: Evo zašto je ovaj događaj važan za Hrvate",
        "host": "n1info.com",
        "quote": "ovdje zastupljena , Hrvatska je  \u003cspan class='rec'\u003eove\u003c/span\u003e godine zemlja partner hamburške ;",
        "WordCount": [{
            "word": "ove",
            "count": 1,
            "freq": 0.74626863
        }],
        "total_word_count": 134
    }, {
        "url": "https://hr.n1info.com/zdravlje/siri-se-nova-podvarijanta-covida-evo-sto-dosad-znamo/",
        "author": "N",
        "date": "1663343472",
        "title": "Širi se nova podvarijanta covida, evo što dosad znamo: Jedna stvar je ključna!",
        "host": "n1info.com",
        "quote": "prvi put detektirana u siječnju  \u003cspan class='rec'\u003eove\u003c/span\u003e godine u Južnoafričkoj republici ;dominantne varijante . Iako su  \u003cspan class='rec'\u003eove\u003c/span\u003e informacije temeljene na studijama ;4 . 6 . Sposobnost  \u003cspan class='rec'\u003eove\u003c/span\u003e podvarijante da izbjegne imunološki ;",
        "WordCount": [{
            "word": "ove",
            "count": 3,
            "freq": 0.48076922
        }],
        "total_word_count": 624
    }, {
        "url": "https://hr.n1info.com/regija/direktor-europridea-uoci-povorke-ponosa-u-beogradu-prvi-put-se-plasim/",
        "author": "N",
        "date": "1663340944",
        "title": "Direktor Europridea poslao poruku Vučiću uoči Povorke ponosa: \"Treba se sramiti\"",
        "host": "n1info.com",
        "quote": "ćemo izaći i šetati .  \u003cspan class='rec'\u003eOve\u003c/span\u003e godine više nego ikada ;",
        "WordCount": [{
            "word": "ove",
            "count": 1,
            "freq": 0.15898252
        }],
        "total_word_count": 629
    }, {
        "url": "https://hr.n1info.com/sport-klub/van-gaal-objavio-popis-igraca-za-zavrsnicu-lige-nacija/",
        "author": "Hina",
        "date": "1663336619",
        "title": "Van Gaal objavio popis igrača za završnicu Lige nacija - N1",
        "host": "n1info.com",
        "quote": ". “ Želio sam vidjeti  \u003cspan class='rec'\u003eove\u003c/span\u003e igrače jer to posljednja ;",
        "WordCount": [{
            "word": "ove",
            "count": 1,
            "freq": 0.4854369
        }],
        "total_word_count": 206
    }, {
        "url": "https://hr.n1info.com/zdravlje/zasto-plivanje-kalorije-ce-se-topiti-brzo-a-evo-kako-to-najbolje-postici/",
        "author": "N",
        "date": "1663335925",
        "title": "Zašto plivanje? Kalorije će se topiti brzo, a evo kako to najbolje postići!",
        "host": "n1info.com",
        "quote": "je jasno da se kod  \u003cspan class='rec'\u003eove\u003c/span\u003e aktivnosti kalorije troše dosta ;",
        "WordCount": [{
            "word": "ove",
            "count": 1,
            "freq": 0.13513513
        }],
        "total_word_count": 740
    }, {
        "url": "https://hr.n1info.com/zdravlje/kako-njegovati-stopala-tijekom-ljeta-uz-ovih-par-trikova-necete-imati-problema/",
        "author": "N",
        "date": "1663335528",
        "title": "Kako njegovati stopala tijekom ljeta? Uz ovih par jednostavnih trikova nećete imati problema!",
        "host": "n1info.com",
        "quote": "dan , a onda i  \u003cspan class='rec'\u003eove\u003c/span\u003e namirnice : – ribe ;",
        "WordCount": [{
            "word": "ove",
            "count": 1,
            "freq": 0.10526316
        }],
        "total_word_count": 950
    }, {
        "url": "https://net.hr/sport/nogomet/cak-tri-hrvata-su-se-nasla-na-listi-za-prestiznu-nagradu-dva-imena-su-potpuno-ocekivana-a-necete-vjerovati-tko-je-treci-dab8ba1c-35c1-11ed-a7ee-a6e802cded8b",
        "author": "Sportski net",
        "date": "1663334233",
        "title": "Čak tri Hrvata su se našla na listi za prestižnu nagradu! Dva imena su potpuno očekivana, a nećete...",
        "host": "net.hr",
        "quote": "što je nogometašu Leipziga i  \u003cspan class='rec'\u003eove\u003c/span\u003e godine pošlo za rukom ;",
        "WordCount": [{
            "word": "ove",
            "count": 1,
            "freq": 0.40983605
        }],
        "total_word_count": 244
    }, {
        "url": "https://net.hr/danas/hrvatska/uskoro-se-ocekuje-izlijevanje-rijeke-save-42f039c6-35bc-11ed-b481-66a4c5366b22",
        "author": "Danas hr",
        "date": "1663332140",
        "title": "Kupa se izlijeva iz korita, proglašeno izvanredno stanje; rijeke prijete Karlovcu i Zagrebu: 'Sada...",
        "host": "net.hr",
        "quote": "izmaku snaga i jedva guta  \u003cspan class='rec'\u003eove\u003c/span\u003e padaline . Operativne snage ;",
        "WordCount": [{
            "word": "ove",
            "count": 1,
            "freq": 0.0739645
        }],
        "total_word_count": 1352
    }, {
        "url": "https://net.hr/hot/zvijezde/jelena-peric-otvoreno-o-prekidu-zaruka-s-igorom-kada-je-on-dobro-i-mi-smo-dobri-1c70d0bc-35ad-11ed-8468-4e8317d8186a",
        "author": "Hot hr",
        "date": "1663327906",
        "title": "Jelena Perić o odnosu s bivšim zaručnikom Igorom: 'Kada je on dobro, onda smo i mi...",
        "host": "net.hr",
        "quote": "što da obučem i nađem  \u003cspan class='rec'\u003eove\u003c/span\u003e hlače iz 2017 . ;",
        "WordCount": [{
            "word": "ove",
            "count": 1,
            "freq": 0.39370078
        }],
        "total_word_count": 254
    }, {
        "url": "https://net.hr/danas/svijet/nakon-azerbajdzana-i-armenije-sukobile-se-jos-dvije-zemlje-a-treca-planira-provesti-neobican-referendum-50a146a2-35b0-11ed-a0be-66a4c5366b22",
        "author": "Danas hr",
        "date": "1663326888",
        "title": "Nakon Azerbajdžana i Armenije sukobile se još dvije zemlje, a treća planira provesti neobičan...",
        "host": "net.hr",
        "quote": "nema govora o primirju .  \u003cspan class='rec'\u003eOve\u003c/span\u003e dvije države spore se ;",
        "WordCount": [{
            "word": "ove",
            "count": 1,
            "freq": 0.2610966
        }],
        "total_word_count": 383
    }, {
        "url": "https://hr.n1info.com/svijet/sukobi-medu-bivsim-sovjetskim-republikama-zaratile-jos-dvije-zemlje/",
        "author": "N",
        "date": "1663324302",
        "title": "Novi sukobi među bivšim sovjetskim republikama: Upravo su zaratile još dvije zemlje!",
        "host": "n1info.com",
        "quote": "posljednjim informacijama iz Armenije ,  \u003cspan class='rec'\u003eove\u003c/span\u003e dvije države uspjele su ;još govora o primirju .  \u003cspan class='rec'\u003eOve\u003c/span\u003e dvije države spore se ;",
        "WordCount": [{
            "word": "ove",
            "count": 2,
            "freq": 0.8130081
        }],
        "total_word_count": 246
    }, {
        "url": "https://hr.n1info.com/lifestyle/lijecnik-objasnio-sto-trebate-napraviti-da-biste-sprijecili-odlazak-u-bolnicu/",
        "author": "N",
        "date": "1663323983",
        "title": "Liječnik otkrio 10 stvari koje svaki dan trebate raditi ako ne želite završiti u bolnici!",
        "host": "n1info.com",
        "quote": ". I dok možemo ignorirati  \u003cspan class='rec'\u003eove\u003c/span\u003e simptome u nadi da ;bolje spavate . Uz sve  \u003cspan class='rec'\u003eove\u003c/span\u003e dobrobiti , jasno je ;",
        "WordCount": [{
            "word": "ove",
            "count": 2,
            "freq": 0.2173913
        }],
        "total_word_count": 920
    }, {
        "url": "https://hr.n1info.com/vijesti/hrvoje-zekanovic-izabrao-sam-razum-vladajucih-a-ne-ravnozemljasku-oporbu/",
        "author": "N",
        "date": "1663322984",
        "title": "Zekanović uzvratio kritičarima: \"Izabrao sam razum vladajućih, a ne ravnozemljašku oporbu!\"",
        "host": "n1info.com",
        "quote": "Domovinski pokret , Možemo i  \u003cspan class='rec'\u003eove\u003c/span\u003e male stranke – to ;",
        "WordCount": [{
            "word": "ove",
            "count": 1,
            "freq": 0.23364486
        }],
        "total_word_count": 428
    }, {
        "url": "https://net.hr/sport/nogomet/navijaci-west-hama-prevalili-su-dalek-put-sjeli-na-pivo-prije-utakmice-i-ostali-u-soku-kad-su-vidjeli-covjeka-za-sankom-tip-je-legenda-dc967150-35a6-11ed-ad10-a6e802cded8b",
        "author": "Sportski net",
        "date": "1663322896",
        "title": "Navijači West Hama prevalili su dalek put, sjeli na pivo prije utakmice i ostali u šoku kad su...",
        "host": "net.hr",
        "quote": "West Ham se  \u003cspan class='rec'\u003eove\u003c/span\u003e sezone natječe u Konferencijskoj ;",
        "WordCount": [{
            "word": "ove",
            "count": 1,
            "freq": 0.2840909
        }],
        "total_word_count": 352
    }, {
        "url": "https://hr.n1info.com/regija/komsic-nisu-svi-hrvati-uzp/",
        "author": "N",
        "date": "1663321556",
        "title": "Komšić: Nisu svi Hrvati UZP - N1",
        "host": "n1info.com",
        "quote": "glasova . Nisu Hrvati dušmani  \u003cspan class='rec'\u003eove\u003c/span\u003e zemlje , nisu svi ;upereni su isključivo protiv dušmana  \u003cspan class='rec'\u003eove\u003c/span\u003e zemlje , dodao je ;",
        "WordCount": [{
            "word": "ove",
            "count": 2,
            "freq": 0.86580086
        }],
        "total_word_count": 231
    }, {
        "url": "https://dnevnik.hr/showbuzz/celebrity/maya-berovic-napravila-je-spektakl-na-nastupu-u-beogradu---742575.html",
        "author": "J C",
        "date": "1663320260",
        "title": "Srpska folk zvijezda u neobičnoj odjevnoj kombinaciji pokazala svoje obline, nitko ne bi rekao da je ove godine rodila!",
        "host": "dnevnik.hr",
        "quote": "svojim koncertom u Beogradu ,  \u003cspan class='rec'\u003eove\u003c/span\u003e godine postala je i ;se 2016 . godine .  \u003cspan class='rec'\u003eOve\u003c/span\u003e godine , pjevačica je ;",
        "WordCount": [{
            "word": "ove",
            "count": 2,
            "freq": 0.81632656
        }],
        "total_word_count": 245
    }, {
        "url": "https://dnevnik.hr/vijesti/hrvatska/omiljeni-profesor-matematike-toni-milun-savjetuje-naucite-pet-principa-financijske-pismenosti---742573.html",
        "author": "A Ž",
        "date": "1663319608",
        "title": "Omiljeni profesor matematike savjetuje: Pet ključnih pravila za uvođenje reda u vlastite financije",
        "host": "dnevnik.hr",
        "quote": "svjetsko tržište kroz ETF -  \u003cspan class='rec'\u003eove\u003c/span\u003e , najbolje trajnim nalogom ;",
        "WordCount": [{
            "word": "ove",
            "count": 1,
            "freq": 0.4
        }],
        "total_word_count": 250
    }, {
        "url": "https://hr.n1info.com/zdravlje/koja-je-razlika-izmedu-psihopata-i-sociopata/",
        "author": "N",
        "date": "1663317278",
        "title": "Imaju li savjest? Evo koja je razlika između psihopata - i sociopata!",
        "host": "n1info.com",
        "quote": ". Ne postoji lijek za  \u003cspan class='rec'\u003eove\u003c/span\u003e poremećaje ličnosti , ali ;",
        "WordCount": [{
            "word": "ove",
            "count": 1,
            "freq": 0.18621974
        }],
        "total_word_count": 537
    }, {
        "url": "https://hr.n1info.com/vijesti/vidovic-na-djelu-je-proturzavna-djelatnost-koja-traje-vec-30-godina/",
        "author": "N",
        "date": "1663315181",
        "title": "Potpredsjednik Sabora tvrdi: \"Velik dio članova partijskog komunizma '90-ih je godina preselio u - HDZ!\"",
        "host": "n1info.com",
        "quote": "sociolog sam malo istraživao genezu  \u003cspan class='rec'\u003eove\u003c/span\u003e priče te mogu reći ;tepih , to je problem  \u003cspan class='rec'\u003eove\u003c/span\u003e zemlje , i Plenkovića ;",
        "WordCount": [{
            "word": "ove",
            "count": 2,
            "freq": 0.34246576
        }],
        "total_word_count": 584
    }, {
        "url": "https://hr.n1info.com/biznis/novi-problemi-zamrzavanje-cijena-secera-moglo-bi-dokrajciti-domacu-proizvodnju/",
        "author": "Hina",
        "date": "1663315153",
        "title": "Novi problemi: Zamrzavanje cijena šećera moglo bi dokrajčiti domaću proizvodnju - N1",
        "host": "n1info.com",
        "quote": "godina poslije , da bi  \u003cspan class='rec'\u003eove\u003c/span\u003e godine ta kultura bila ;",
        "WordCount": [{
            "word": "ove",
            "count": 1,
            "freq": 0.25575447
        }],
        "total_word_count": 391
    }, {
        "url": "https://net.hr/danas/hrvatska/zamrzavanje-cijena-hrane-dokrajcit-ce-pricu-o-domacem-seceru-027cce3a-3595-11ed-b1db-3e517f590da2",
        "author": "HINA",
        "date": "1663314991",
        "title": "Tko bi pomislio da ćemo biti suočeni s nestašicom toga: Zamrzavanje cijena hrane dokrajčit će priču...",
        "host": "net.hr",
        "quote": "godina poslije , da bi  \u003cspan class='rec'\u003eove\u003c/span\u003e godine ta kultura bila ;",
        "WordCount": [{
            "word": "ove",
            "count": 1,
            "freq": 0.25839794
        }],
        "total_word_count": 387
    }, {
        "url": "https://hr.n1info.com/svijet/n1-u-ukrajini-imali-smo-sve-a-sad-samo-odjecu-u-kojoj-smo-pobjegli/",
        "author": "Aleksandra Godfroid; N",
        "date": "1663311480",
        "title": "Posjetili smo razrušene ukrajinske gradove: \"Imali smo sve, a sad samo odjeću u kojoj smo pobjegli…\"",
        "host": "n1info.com",
        "quote": ", ako je kuća kao  \u003cspan class='rec'\u003eove\u003c/span\u003e ovdje , onda njih ;koje su 24 . veljače  \u003cspan class='rec'\u003eove\u003c/span\u003e godine bombardirale ruske snage ;",
        "WordCount": [{
            "word": "ove",
            "count": 2,
            "freq": 0.2777778
        }],
        "total_word_count": 720
    }, {
        "url": "https://net.hr/sport/nogomet/potpuno-je-sokirao-jadnu-djevojku-pogledajte-sto-je-cristiano-napravio-i-navukao-bijes-navijaca-messi-to-nikad-ne-bi-napravio-a4f1789c-358a-11ed-b164-4ea387a5f7d1",
        "author": "Sportski net",
        "date": "1663310518",
        "title": "Potpuno je šokirao jadnu djevojku, pogledajte što je Cristiano napravio i navukao bijes navijača:...",
        "host": "net.hr",
        "quote": "prvu pobjedu u Europa ligi  \u003cspan class='rec'\u003eove\u003c/span\u003e sezone . Slavili su ;da Cristianu ne cvatu ruže  \u003cspan class='rec'\u003eove\u003c/span\u003e sezone : Htio je ;",
        "WordCount": [{
            "word": "ove",
            "count": 2,
            "freq": 0.7067138
        }],
        "total_word_count": 283
    }, {
        "url": "https://hr.n1info.com/crna-kronika/od-2016-do-danas-na-pruznim-prijelazima-poginulo-cak-38-osoba/",
        "author": "Nataša Božić",
        "date": "1663310359",
        "title": "Pogledajte koliko je osoba od 2016. do danas stradalo na pružnim prijelazima u Hrvatskoj!",
        "host": "n1info.com",
        "quote": "označenim samo prometnim znakovima .  \u003cspan class='rec'\u003eOve\u003c/span\u003e godine je 15 osoba ;",
        "WordCount": [{
            "word": "ove",
            "count": 1,
            "freq": 0.64102566
        }],
        "total_word_count": 156
    }, {
        "url": "https://hr.n1info.com/vijesti/ne-mijenjajte-sve-kune-ove-ce-kovanice-vrijediti-bogatstvo-nakon-uvodenja-eura/",
        "author": "N",
        "date": "1663307832",
        "title": "Ne mijenjajte sve kune: Ove će kovanice vrijediti bogatstvo nakon uvođenja eura!",
        "host": "n1info.com",
        "quote": "Tako da kolekcionari uvijek spremaju  \u003cspan class='rec'\u003eove\u003c/span\u003e kovanice s latinskim natpisima ;količina . Tako da se  \u003cspan class='rec'\u003eove\u003c/span\u003e kovanice mogu smatrati rijetkima ;manja apoena . Uglavnom ,  \u003cspan class='rec'\u003eove\u003c/span\u003e kovanice nije teško pronaći ;",
        "WordCount": [{
            "word": "ove",
            "count": 4,
            "freq": 0.24242425
        }],
        "total_word_count": 1650
    }, {
        "url": "https://hr.n1info.com/svijet/biden-najavio-zescu-borbu-protiv-sirenja-mrznje-na-drustvenim-mrezama/",
        "author": "Hina",
        "date": "1663305063",
        "title": "Biden najavio žešću borbu protiv širenja mržnje na društvenim mrežama - N1",
        "host": "n1info.com",
        "quote": "Buffalu u New Yorku ranije  \u003cspan class='rec'\u003eove\u003c/span\u003e godine , kada je ;",
        "WordCount": [{
            "word": "ove",
            "count": 1,
            "freq": 0.20576131
        }],
        "total_word_count": 486
    }, {
        "url": "https://net.hr/hot/zvijezde/certic-i-golubovic-brutalno-izvrijedali-staniju-u-zadruzi-c8559b44-34d4-11ed-8fb9-2645045b1c6c",
        "author": "Hot hr",
        "date": "1663304644",
        "title": "Zadrugari iznijeli gnjusne detalje o Staniji: 'Ja kažem šifru, ona ode...",
        "host": "net.hr",
        "quote": "ti biraš , a ne  \u003cspan class='rec'\u003eove\u003c/span\u003e . Samo kreten muškarac ;",
        "WordCount": [{
            "word": "ove",
            "count": 1,
            "freq": 0.42918456
        }],
        "total_word_count": 233
    }, {
        "url": "https://hr.n1info.com/vijesti/hnd-peticijom-trazi-novo-povjerenstvo-za-izvide-u-slucaju-matijanic/",
        "author": "Hina",
        "date": "1663303787",
        "title": "Pokrenuta peticija: \"Tražimo novu, neovisnu istragu smrti Matijanića\" - N1",
        "host": "n1info.com",
        "quote": "živi svjedoci i sve strane  \u003cspan class='rec'\u003eove\u003c/span\u003e priče . Nevjerojatno je ;",
        "WordCount": [{
            "word": "ove",
            "count": 1,
            "freq": 0.3952569
        }],
        "total_word_count": 253
    }, {
        "url": "https://net.hr/webcafe/svastara/ove-cure-se-jaaaako-muce-s-navlacenjem-hlaca-eto-im-sada-kad-su-toliko-trenirale-gluteuse-e5c5b972-b1ca-11eb-bbf6-0242ac140047",
        "author": "Webcafe hr",
        "date": "1663286400",
        "title": "OVE CURE SE STRAŠNO MUČE S NAVLAČENJEM HLAČA: Eto im sada kad su toliko trenirale...",
        "host": "net.hr",
        "quote": "/ 10 10 / 10  \u003cspan class='rec'\u003eOVE\u003c/span\u003e CURE SE STRAŠNO MUČE ;",
        "WordCount": [{
            "word": "ove",
            "count": 1,
            "freq": 0.1584786
        }],
        "total_word_count": 631
    }, {
        "url": "https://www.rtl.hr/show/arhiva/2022/stranica-1",
        "author": "",
        "date": "1663286400",
        "title": "Show | Stranica 1",
        "host": "rtl.hr",
        "quote": "sam za veliku promjenu '  \u003cspan class='rec'\u003eove\u003c/span\u003e ' bebe nisu zalutale ;. 9 . 2022 .  \u003cspan class='rec'\u003eove\u003c/span\u003e ' bebe nisu zalutale ;VOLI NOVU SNAHU ? Zbog  \u003cspan class='rec'\u003eove\u003c/span\u003e snimke mnogi misle da ;",
        "WordCount": [{
            "word": "ove",
            "count": 4,
            "freq": 0.11245432
        }],
        "total_word_count": 3557
    }, {
        "url": "https://net.hr/webcafe/svastara/one-su-pokrenule-revoluciju-skinule-su-grudnjak-i-ne-misle-ga-vise-obuci-daac6e24-b1c4-11eb-9446-0242ac13004f",
        "author": "Webcafe hr",
        "date": "1663286400",
        "title": "ONE SU POKRENULE REVOLUCIJU! Skinule su grudnjak i ne misle ga više...",
        "host": "net.hr",
        "quote": "19 Revolucija je počela !  \u003cspan class='rec'\u003eOve\u003c/span\u003e mlade dame ne žele ;",
        "WordCount": [{
            "word": "ove",
            "count": 1,
            "freq": 0.14184397
        }],
        "total_word_count": 705
    }, {
        "url": "https://www.rtl.hr/sport/arhiva/2022/stranica-1",
        "author": "",
        "date": "1663286400",
        "title": "Sport | Stranica 1",
        "host": "rtl.hr",
        "quote": "IGRAJU NA SIGURNO VELIKA GALERIJA  \u003cspan class='rec'\u003eOve\u003c/span\u003e ćemo dresove gledati na ;IGRAJU NA SIGURNO VELIKA GALERIJA  \u003cspan class='rec'\u003eOve\u003c/span\u003e ćemo dresove gledati na ;",
        "WordCount": [{
            "word": "ove",
            "count": 2,
            "freq": 0.062952474
        }],
        "total_word_count": 3177
    }, {
        "url": "https://www.rtl.hr/sport",
        "author": "",
        "date": "1663286400",
        "title": "Sport",
        "host": "rtl.hr",
        "quote": "IGRAJU NA SIGURNO VELIKA GALERIJA  \u003cspan class='rec'\u003eOve\u003c/span\u003e ćemo dresove gledati na ;IGRAJU NA SIGURNO VELIKA GALERIJA  \u003cspan class='rec'\u003eOve\u003c/span\u003e ćemo dresove gledati na ;",
        "WordCount": [{
            "word": "ove",
            "count": 2,
            "freq": 0.6451613
        }],
        "total_word_count": 310
    }, {
        "url": "https://net.hr/webcafe/svastara/ovim-raskosnim-ljepoticama-ne-smeta-vrucina-skinule-sve-nepotrebne-krpice-sa-sebe-d255ca4a-b1c4-11eb-a02a-0242ac140015",
        "author": "Webcafe hr",
        "date": "1663286400",
        "title": "OVIM RASKOŠNIM LJEPOTICAMA NE SMETA VRUĆINA: Skinule sve nepotrebne krpice sa...",
        "host": "net.hr",
        "quote": "vruće ? Razmislite ponovno .  \u003cspan class='rec'\u003eOve\u003c/span\u003e ljepotice znaju kako uživati ;",
        "WordCount": [{
            "word": "ove",
            "count": 1,
            "freq": 0.14144272
        }],
        "total_word_count": 707
    }, {
        "url": "https://www.rtl.hr/vijesti/arhiva/2022/stranica-1",
        "author": "",
        "date": "1663286400",
        "title": "Vijesti | Stranica 1",
        "host": "rtl.hr",
        "quote": "",
        "WordCount": [],
        "total_word_count": 3635
    }, {
        "url": "https://www.rtl.hr/",
        "author": "",
        "date": "1663286400",
        "title": "Naslovnica",
        "host": "rtl.hr",
        "quote": "IGRAJU NA SIGURNO VELIKA GALERIJA  \u003cspan class='rec'\u003eOve\u003c/span\u003e ćemo dresove gledati na ;IGRAJU NA SIGURNO VELIKA GALERIJA  \u003cspan class='rec'\u003eOve\u003c/span\u003e ćemo dresove gledati na ;",
        "WordCount": [{
            "word": "ove",
            "count": 2,
            "freq": 0.28818443
        }],
        "total_word_count": 694
    }, {
        "url": "https://www.rtl.hr/show",
        "author": "",
        "date": "1663286400",
        "title": "Show",
        "host": "rtl.hr",
        "quote": "jamčimo anonimnost . Pošalji priču  \u003cspan class='rec'\u003eove\u003c/span\u003e ' bebe nisu zalutale ;jamčimo anonimnost . Pošalji priču  \u003cspan class='rec'\u003eove\u003c/span\u003e ' bebe nisu zalutale ;",
        "WordCount": [{
            "word": "ove",
            "count": 2,
            "freq": 0.2743484
        }],
        "total_word_count": 729
    }, {
        "url": "https://www.rtl.hr/vijesti",
        "author": "",
        "date": "1663286400",
        "title": "Vijesti",
        "host": "rtl.hr",
        "quote": "za naplatu prava puta za  \u003cspan class='rec'\u003eove\u003c/span\u003e kablove vrlo često anga ;za naplatu prava puta za  \u003cspan class='rec'\u003eove\u003c/span\u003e kablove vrlo često anga ;",
        "WordCount": [{
            "word": "ove",
            "count": 2,
            "freq": 0.16313213
        }],
        "total_word_count": 1226
    }, {
        "url": "https://net.hr/danas/hrvatska/hnd-peticijom-nove-izvide-u-slucaju-matijanic-trazimo-smjenu-berosa-zbog-skandaloznog-sramotnog-i-neprihvatljivog-ponasanja-u-ovom-slucaju-8ea6f050-353d-11ed-b878-de786f9b6563",
        "author": "HINA",
        "date": "1663277475",
        "title": "HND peticijom nove izvide u slučaju Matijanić: 'Tražimo smjenu Beroša zbog skandaloznog, sramotnog...",
        "host": "net.hr",
        "quote": "živi svjedoci i sve strane  \u003cspan class='rec'\u003eove\u003c/span\u003e priče . Nevjerojatno je ;",
        "WordCount": [{
            "word": "ove",
            "count": 1,
            "freq": 0.42194092
        }],
        "total_word_count": 237
    }, {
        "url": "https://net.hr/sport/kosarka/jordan-srusio-i-diega-maradonu-pogledajte-za-koju-je-rekordnu-cifru-prodan-njegov-dres-666d6a88-3538-11ed-9341-de786f9b6563",
        "author": "HINA",
        "date": "1663275396",
        "title": "Jordan srušio i Diega Maradonu. Pogledajte za koju je rekordnu cifru prodan njegov dres, primjerak...",
        "host": "net.hr",
        "quote": "Prethodni rekord postavljen je ranije  \u003cspan class='rec'\u003eove\u003c/span\u003e godine kada je dres ;",
        "WordCount": [{
            "word": "ove",
            "count": 1,
            "freq": 0.64935064
        }],
        "total_word_count": 154
    }, {
        "url": "https://hr.n1info.com/kultura/otvorena-artpunktura-i-57-zagrebacki-salon/",
        "author": "Hina",
        "date": "1663272560",
        "title": "Otvorena Artpunktura i 57. zagrebački salon - N1",
        "host": "n1info.com",
        "quote": "umjetnošću \" . Zagrebački salon  \u003cspan class='rec'\u003eove\u003c/span\u003e se godine održava po ;godine Skupštine grada Zagreba .  \u003cspan class='rec'\u003eOve\u003c/span\u003e godine Salon je dio ;",
        "WordCount": [{
            "word": "ove",
            "count": 2,
            "freq": 0.5899705
        }],
        "total_word_count": 339
    }, {
        "url": "https://net.hr/hot/zvijezde/ecija-ivusic-sasvim-iskreno-o-suprugu-goranu-belosevici-goran-kaze-da-nije-eto-ga-prva-bracna-laz-02c37e5c-352c-11ed-be8c-32e6a3426f0c",
        "author": "Hot hr",
        "date": "1663272198",
        "title": "Ecija Ivušić objavila fotke s vjenčanja pa otkrila da joj je Belošević već slagao: 'Eto ga, prva...",
        "host": "net.hr",
        "quote": "Instagram profilu : \" Gledam  \u003cspan class='rec'\u003eove\u003c/span\u003e fotke i mislim si ;",
        "WordCount": [{
            "word": "ove",
            "count": 1,
            "freq": 0.4651163
        }],
        "total_word_count": 215
    }, {
        "url": "https://hr.n1info.com/biznis/jordanov-dres-prodan-za-101-milijuna-dolara/",
        "author": "Hina",
        "date": "1663272044",
        "title": "Jordanov dres prodan za 10,1 milijuna dolara - N1",
        "host": "n1info.com",
        "quote": "Prethodni rekord postavljen je ranije  \u003cspan class='rec'\u003eove\u003c/span\u003e godine kada je dres ;",
        "WordCount": [{
            "word": "ove",
            "count": 1,
            "freq": 0.5780347
        }],
        "total_word_count": 173
    }, {
        "url": "https://hr.n1info.com/vijesti/voditelj-u-varazdinskoj-policiji-djeca-nisu-bila-vezana-niti-u-autosjedalici/",
        "author": "N",
        "date": "1663268714",
        "title": "Voditelj u varaždinskoj policiji: \"Djeca nisu bila vezana niti u autosjedalici\"",
        "host": "n1info.com",
        "quote": "izdana prvi put u lipnju  \u003cspan class='rec'\u003eove\u003c/span\u003e godine . “ Možemo ;",
        "WordCount": [{
            "word": "ove",
            "count": 1,
            "freq": 0.36363637
        }],
        "total_word_count": 275
    }, {
        "url": "https://hr.n1info.com/lifestyle/zasto-kraljicu-nismo-vidali-bez-sesira-nosila-ih-je-i-kad-su-svi-drugi-prestali/",
        "author": "N",
        "date": "1663268527",
        "title": "Zašto kraljicu nismo viđali bez šešira? Nosila ih je i kad su svi drugi prestali",
        "host": "n1info.com",
        "quote": ", njen platinasti jubilej ranije  \u003cspan class='rec'\u003eove\u003c/span\u003e godine , bio je ;",
        "WordCount": [{
            "word": "ove",
            "count": 1,
            "freq": 0.1285347
        }],
        "total_word_count": 778
    }, {
        "url": "https://net.hr/sport/nogomet/cristiano-ronaldo-postigao-svoj-prvi-gol-u-europa-ligi-ikada-imate-jednom-pravo-pogadati-kako-ga-je-zabio-6e8db4c8-3521-11ed-92cd-3aec81e8f36b",
        "author": "Sportski net",
        "date": "1663265690",
        "title": "Cristiano Ronaldo postigao svoj prvi gol u Europa ligi ikada. Imate jednom pravo pogađati kako ga...",
        "host": "net.hr",
        "quote": "zabio je svoj prvi pogodak  \u003cspan class='rec'\u003eove\u003c/span\u003e sezone i prvi pogodak ;Europa ligi . Manchester United  \u003cspan class='rec'\u003eove\u003c/span\u003e sezone igra drugorazredno europsko ;. Ronaldo je prvi gol  \u003cspan class='rec'\u003eove\u003c/span\u003e sezone zabio iz , ;",
        "WordCount": [{
            "word": "ove",
            "count": 3,
            "freq": 3.5714285
        }],
        "total_word_count": 84
    }, {
        "url": "https://net.hr/danas/hrvatska/u-sest-godina-38-osoba-preminulo-na-zeljeznickim-prijelazima-5674513e-351d-11ed-a470-3aec81e8f36b",
        "author": "Danas hr",
        "date": "1663265042",
        "title": "U šest godina na željezničkim je prijelazima poginulo 38 osoba, uključujući i djecu: Mnogi pružni...",
        "host": "net.hr",
        "quote": "je do današnjeg dana ,  \u003cspan class='rec'\u003eove\u003c/span\u003e godine na željezničkim prugama ;",
        "WordCount": [{
            "word": "ove",
            "count": 1,
            "freq": 0.49261084
        }],
        "total_word_count": 203
    }, {
        "url": "https://dnevnik.hr/showbuzz/celebrity/anda-maric-pohvalila-se-kako-vozi-automobil-nakon-dugih-sest-godina---742490.html",
        "author": "J C",
        "date": "1663264217",
        "title": "Anđa Marić pohvalila se novim uspjehom nakon borbe s bolešću: ''Poslije dugih šest godina, konačno!''",
        "host": "dnevnik.hr",
        "quote": ". Anđa je u travnju  \u003cspan class='rec'\u003eove\u003c/span\u003e godine napravila pomak i ;",
        "WordCount": [{
            "word": "ove",
            "count": 1,
            "freq": 0.31948882
        }],
        "total_word_count": 313
    }, {
        "url": "https://hr.n1info.com/video/n1-info/biser-jadrana-dubrovnik-postaje-sve-poznatiji-po-filmskoj-industriji/",
        "author": "Anja Perković",
        "date": "1663261513",
        "title": "Biser Jadrana, Dubrovnik, postaje sve poznatiji po filmskoj industriji - N1",
        "host": "n1info.com",
        "quote": "filmskoj industriji . Tako i  \u003cspan class='rec'\u003eove\u003c/span\u003e jeseni u grad stižu ;",
        "WordCount": [{
            "word": "ove",
            "count": 1,
            "freq": 2.4390244
        }],
        "total_word_count": 41
    }, {
        "url": "https://net.hr/sport/tenis/tko-bi-rekao-da-ce-mu-najveci-rival-poslati-ovakvu-poruku-pogledajte-sto-je-nadal-napisao-federeru-kad-je-cuo-za-umirovljenje-fc130c14-3515-11ed-b654-3aec81e8f36b",
        "author": "Sportski net",
        "date": "1663260830",
        "title": "Tko bi rekao da će mu najveći rival poslati ovakvu poruku? Pogledajte što je Nadal napisao Federeru...",
        "host": "net.hr",
        "quote": "čast i privilegija dijeliti sve  \u003cspan class='rec'\u003eove\u003c/span\u003e godine s tobom i ;",
        "WordCount": [{
            "word": "ove",
            "count": 1,
            "freq": 0.3875969
        }],
        "total_word_count": 258
    }, {
        "url": "https://hr.n1info.com/vijesti/stetne-tvari-kako-prepoznati-jesu-li-lubenica-i-rajcica-sazrijeli-preko-noci/",
        "author": "N",
        "date": "1663260760",
        "title": "Kako prepoznati jesu li lubenica i rajčica sazreli preko noći i jesu li tretirani štetnim tvarima?",
        "host": "n1info.com",
        "quote": "tkivo i neukusna je .  \u003cspan class='rec'\u003eOve\u003c/span\u003e godine kada je bilo ;",
        "WordCount": [{
            "word": "ove",
            "count": 1,
            "freq": 0.2680965
        }],
        "total_word_count": 373
    }, {
        "url": "https://hr.n1info.com/vijesti/primorac-da-smo-snizili-pdv-smanjili-bi-subvenciju-koju-daje-hep-svejedno-je/",
        "author": "Hina",
        "date": "1663259706",
        "title": "Primorac: Da smo snizili PDV, smanjili bi subvenciju koju daje HEP, svejedno je",
        "host": "n1info.com",
        "quote": "dionike da nose dio tereta  \u003cspan class='rec'\u003eove\u003c/span\u003e krize , kao Vlada ;",
        "WordCount": [{
            "word": "ove",
            "count": 1,
            "freq": 0.17211704
        }],
        "total_word_count": 581
    }, {
        "url": "https://net.hr/danas/hrvatska/primorac-fiskalizirani-racuni-veci-su-za-25-posto-bc73f244-3510-11ed-ac27-3aec81e8f36b",
        "author": "HINA",
        "date": "1663258210",
        "title": "Od početka godine fiskalizirani računi veći su za 25 posto, a prihodi od PDV-a za 15-ak...",
        "host": "net.hr",
        "quote": "dionike da nose dio tereta  \u003cspan class='rec'\u003eove\u003c/span\u003e krize , kao Vlada ;",
        "WordCount": [{
            "word": "ove",
            "count": 1,
            "freq": 0.17574692
        }],
        "total_word_count": 569
    }, {
        "url": "https://hr.n1info.com/vijesti/bulj-sanader-je-krao-milijune-ali-je-mala-beba-za-plenkovicevu-vladu/",
        "author": "N",
        "date": "1663258046",
        "title": "Bulj: Sanader je krao milijune, ali je mala beba za Plenkovićevu Vladu",
        "host": "n1info.com",
        "quote": "me izrugivali . Mislim da  \u003cspan class='rec'\u003eove\u003c/span\u003e mjere treba pohvaliti , ;",
        "WordCount": [{
            "word": "ove",
            "count": 1,
            "freq": 0.28818443
        }],
        "total_word_count": 347
    }, {
        "url": "https://net.hr/sport/nogomet/ne-pamtimo-ovako-brutalne-kritike-na-racun-modrica-pogledajte-sto-najutjecajniji-spanjolski-medij-pise-o-luki-6b7afe5c-3504-11ed-9f66-7a349b1ea20e",
        "author": "Sportski net",
        "date": "1663253538",
        "title": "Ne pamtimo ovako brutalne kritike na račun Modrića. Pogledajte što najutjecajniji španjolski medij...",
        "host": "net.hr",
        "quote": "situacijama , a na početku  \u003cspan class='rec'\u003eove\u003c/span\u003e sezone nitko se u ;",
        "WordCount": [{
            "word": "ove",
            "count": 1,
            "freq": 0.32051283
        }],
        "total_word_count": 312
    }, {
        "url": "https://hr.n1info.com/svijet/kraljica-elizabeta-ii-bit-ce-pokopana-u-ponedjeljak-navecer-u-windsoru/",
        "author": "Hina",
        "date": "1663250781",
        "title": "Kraljica Elizabeta II. bit će pokopana u ponedjeljak navečer u Windsoru - N1",
        "host": "n1info.com",
        "quote": "je kraljica odlikovala u lipnju  \u003cspan class='rec'\u003eove\u003c/span\u003e godine , u prvom ;",
        "WordCount": [{
            "word": "ove",
            "count": 1,
            "freq": 0.42372882
        }],
        "total_word_count": 236
    }, {
        "url": "https://net.hr/sport/tenis/sada-je-i-sluzbeno-umirovio-se-jedan-od-najvecih-ikad-roger-federer-je-objavio-kraj-ebcbb010-34fa-11ed-8593-628784aa0861",
        "author": "Sportski net",
        "date": "1663248815",
        "title": "Sada je i službeno, umirovio se jedan od najvećih ikad: Roger Federer je objavio...",
        "host": "net.hr",
        "quote": "završava svoju velebnu karijeru .  \u003cspan class='rec'\u003eOve\u003c/span\u003e godine je najavio nastup ;",
        "WordCount": [{
            "word": "ove",
            "count": 1,
            "freq": 0.30864197
        }],
        "total_word_count": 324
    }, {
        "url": "https://hr.n1info.com/svijet/rusija-pustiti-ratka-mladica-na-slobodu-iz-humanih-razloga/",
        "author": "N",
        "date": "1663247232",
        "title": "Stigla zanimljiva poruka iz Rusije: \"Ratka Mladića treba pustiti na slobodu iz humanih razloga!\"",
        "host": "n1info.com",
        "quote": "kontrolu i to ubrzava sve  \u003cspan class='rec'\u003eove\u003c/span\u003e procese . On je ;",
        "WordCount": [{
            "word": "ove",
            "count": 1,
            "freq": 0.3508772
        }],
        "total_word_count": 285
    }, {
        "url": "https://net.hr/sport/nogomet/euforija-trese-poljud-nakon-pobjede-u-jadranskom-derbiju-biuk-je-svjetska-klasa-d34528d8-34ea-11ed-a7b5-aa98240910dd",
        "author": "Sportski net",
        "date": "1663242233",
        "title": "Euforija trese Poljud nakon pobjede u Jadranskom derbiju: 'Biuk je svjetska...",
        "host": "net.hr",
        "quote": "ovo mu je prvi gol  \u003cspan class='rec'\u003eove\u003c/span\u003e HNL sezone . Tinejdžer ;",
        "WordCount": [{
            "word": "ove",
            "count": 1,
            "freq": 0.7092199
        }],
        "total_word_count": 141
    }, {
        "url": "https://hr.n1info.com/biznis/milun-o-vaznosti-financijske-pismenosti-uzeo-sam-kredit-u-svicarskim-francima/",
        "author": "N",
        "date": "1663242085",
        "title": "Toni Milun o važnosti financijske pismenosti: Uzeo sam kredit u švicarskim francima",
        "host": "n1info.com",
        "quote": "očekuje krajem u zadnjem kvartalu  \u003cspan class='rec'\u003eove\u003c/span\u003e godine ili u prvom ;",
        "WordCount": [{
            "word": "ove",
            "count": 1,
            "freq": 0.2283105
        }],
        "total_word_count": 438
    }, {
        "url": "https://hr.n1info.com/biznis/moguc-je-ulazak-u-tehnicku-recesiju-pogledajte-sto-je-to/",
        "author": "N",
        "date": "1663241409",
        "title": "Viceguvernerka HNB-a pričala o ulasku u tehničku recesiju: Evo o čemu je riječ!",
        "host": "n1info.com",
        "quote": ". Švaljek kaže da ćemo  \u003cspan class='rec'\u003eove\u003c/span\u003e godine imati vrlo solidnu ;",
        "WordCount": [{
            "word": "ove",
            "count": 1,
            "freq": 0.21645021
        }],
        "total_word_count": 462
    }, {
        "url": "https://hr.n1info.com/vijesti/centar-zagreba-bit-ce-od-petka-zatvoren-ovako-ce-izgledati-regulacija-prometa/",
        "author": "N",
        "date": "1663241387",
        "title": "Centar Zagreba bit će od petka zatvoren: Ovako će izgledati regulacija prometa - N1",
        "host": "n1info.com",
        "quote": "i osobe s invaliditetom i  \u003cspan class='rec'\u003eove\u003c/span\u003e će godine u razdoblju ;",
        "WordCount": [{
            "word": "ove",
            "count": 1,
            "freq": 0.243309
        }],
        "total_word_count": 411
    }, {
        "url": "https://net.hr/danas/hrvatska/zatvara-se-nekoliko-ulica-u-sredistu-zagreba-ovo-su-obilazni-pravci-479a6764-34e8-11ed-836c-aa98240910dd",
        "author": "Danas hr",
        "date": "1663240930",
        "title": "Centru Zagreba prijeti prometni kolaps, a kreće već od sutra: Pogledajte kojim ulicama zaobići...",
        "host": "net.hr",
        "quote": "motorni promet , biti zatvorene  \u003cspan class='rec'\u003eove\u003c/span\u003e ulice : Preradovićeva – ;",
        "WordCount": [{
            "word": "ove",
            "count": 1,
            "freq": 0.23201856
        }],
        "total_word_count": 431
    }, {
        "url": "https://hr.n1info.com/vijesti/ahmetovic-hrvatskim-plinom-se-raspolagalo-kao-da-je-babovina-hdz-a/",
        "author": "Hina",
        "date": "1663240437",
        "title": "Ahmetović oštra: \"Hrvatskim plinom se raspolagalo kao da je babovina HDZ-a!\"",
        "host": "n1info.com",
        "quote": "” Takve izjave SDP -  \u003cspan class='rec'\u003eove\u003c/span\u003e zastupnice izazvale su niz ;",
        "WordCount": [{
            "word": "ove",
            "count": 1,
            "freq": 0.21413276
        }],
        "total_word_count": 467
    }, {
        "url": "https://www.index.hr/clanak.aspx?id=2395367",
        "author": "Index Vijesti",
        "date": "1663238280",
        "title": "Pevex: Nadamo se da će nam Zdravko Pevec platiti dug od svog novog biznisa",
        "host": "index.hr",
        "quote": "odluku i to u srpnju  \u003cspan class='rec'\u003eove\u003c/span\u003e godine za žig PEVEX ;",
        "WordCount": [{
            "word": "ove",
            "count": 1,
            "freq": 0.16129032
        }],
        "total_word_count": 620
    }, {
        "url": "https://net.hr/sport/na-rubu-sporta/ugledna-americka-organizacija-raspalila-po-boysima-tomasevicu-i-ne-znamo-zasto-kolindi-ustase-bi-bile-iznimno-ponosne-c3d9283a-34e1-11ed-b424-bafdc3b9a713",
        "author": "Sportski net",
        "date": "1663237998",
        "title": "Ugledna američka organizacija raspalila po Boysima, Tomaševiću i, ne znamo zašto, Kolindi: 'Ustaše...",
        "host": "net.hr",
        "quote": ", Liga prvaka vi organizirate  \u003cspan class='rec'\u003eove\u003c/span\u003e događaje , a pritom ;",
        "WordCount": [{
            "word": "ove",
            "count": 1,
            "freq": 0.24570024
        }],
        "total_word_count": 407
    }, {
        "url": "https://www.index.hr/clanak.aspx?id=2395355",
        "author": "Index Magazin",
        "date": "1663236180",
        "title": "Kelly opet proglašen krivim za iskorištavanje maloljetnica, evo koja se kazna očekuje",
        "host": "index.hr",
        "quote": ", koji je krajem lipnja  \u003cspan class='rec'\u003eove\u003c/span\u003e godine osuđen na 30 ;, Kelly je u lipnju  \u003cspan class='rec'\u003eove\u003c/span\u003e godine , nakon više ;",
        "WordCount": [{
            "word": "ove",
            "count": 2,
            "freq": 0.8298755
        }],
        "total_word_count": 241
    }, {
        "url": "https://www.24sata.hr/news/mir-je-dogovoren-na-pocetku-invazije-ali-putin-ga-je-odbio-rekao-je-da-ima-nove-planove-860409",
        "author": "Renato Jukić",
        "date": "1663234740",
        "title": "'Mir je dogovoren na početku invazije, ali Putin ga je odbio. Rekao je da ima nove planove'",
        "host": "24sata.hr",
        "quote": "od ukrajinskog vodstva Kozak ispregovarao  \u003cspan class='rec'\u003eove\u003c/span\u003e uvjete . - Kozaka ;",
        "WordCount": [{
            "word": "ove",
            "count": 1,
            "freq": 0.34129694
        }],
        "total_word_count": 293
    }, {
        "url": "https://www.24sata.hr/news/sef-sluzbe-za-terorizam-maloljetnik-koji-je-uhicen-pred-hdz-om-bio-je-pod-nadzorom-860414",
        "author": "Piše",
        "date": "1663234380",
        "title": "Šef službe za terorizam: 'Maloljetnik koji je uhićen pred HDZ-om bio je pod nadzorom'",
        "host": "24sata.hr",
        "quote": "povezan s osobama koje su  \u003cspan class='rec'\u003eove\u003c/span\u003e i prošle godine bile ;",
        "WordCount": [{
            "word": "ove",
            "count": 1,
            "freq": 0.27027026
        }],
        "total_word_count": 370
    }, {
        "url": "https://www.24sata.hr/lifestyle/danas-narucite-duple-sastojke-za-burger-i-ne-brinite-za-kalorije-860386",
        "author": "Stela Kovačević",
        "date": "1663234200",
        "title": "Danas naručite duple sastojke za burger i ne brinite za kalorije",
        "host": "24sata.hr",
        "quote": "je dan kad možete proslaviti  \u003cspan class='rec'\u003eove\u003c/span\u003e namirnice i kombinirati ih ;",
        "WordCount": [{
            "word": "ove",
            "count": 1,
            "freq": 1.0204082
        }],
        "total_word_count": 98
    }, {
        "url": "https://www.index.hr/clanak.aspx?id=2395275",
        "author": "Vice Karin",
        "date": "1663233660",
        "title": "Čačić mora riješiti problem koji nije stvorio. A to nisu ni muda ni Petkovićeva volja",
        "host": "index.hr",
        "quote": ", odigrava kontranapade , problemi  \u003cspan class='rec'\u003eove\u003c/span\u003e formacije za Dinamo su ;",
        "WordCount": [{
            "word": "ove",
            "count": 1,
            "freq": 0.10111223
        }],
        "total_word_count": 989
    }, {
        "url": "https://www.index.hr/clanak.aspx?id=2395342",
        "author": "Index Vijesti",
        "date": "1663233600",
        "title": "Naoružani maloljetnik pred HDZ-om bio je otprije pod policijskim nadzorom",
        "host": "index.hr",
        "quote": "povezan s osobama koje su  \u003cspan class='rec'\u003eove\u003c/span\u003e i prošle godine bile ;",
        "WordCount": [{
            "word": "ove",
            "count": 1,
            "freq": 0.21881838
        }],
        "total_word_count": 457
    }, {
        "url": "https://www.index.hr/clanak.aspx?id=2395336",
        "author": "Index Vijesti",
        "date": "1663233300",
        "title": "Profesor iz Kijeva: Putin sada ima dvije mogućnosti da bi izvukao glavu",
        "host": "index.hr",
        "quote": "Putina , on je pristalica  \u003cspan class='rec'\u003eove\u003c/span\u003e druge situacije ” , ;se kao i Ukrajina boji  \u003cspan class='rec'\u003eove\u003c/span\u003e zime , ali to ;",
        "WordCount": [{
            "word": "ove",
            "count": 2,
            "freq": 0.4347826
        }],
        "total_word_count": 460
    }, {
        "url": "https://www.rtl.hr/vijesti/hrvatska/centar-zagreba-od-sutra-ce-biti-zatvoren-provjerite-kako-ce-izgledati-regulacija-prometa-3d8eb6d6-34d3-11ed-845d-22c5dcb44e06",
        "author": "RTL Vijesti",
        "date": "1663232358",
        "title": "Centar Zagreba od sutra će biti zatvoren: Provjerite kako će izgledati regulacija prometa",
        "host": "rtl.hr",
        "quote": "i osobe s invaliditetom i  \u003cspan class='rec'\u003eove\u003c/span\u003e će godine u razdoblju ;motorni promet , biti zatvorene  \u003cspan class='rec'\u003eove\u003c/span\u003e ulice : Preradovićeva – ;",
        "WordCount": [{
            "word": "ove",
            "count": 2,
            "freq": 0.4842615
        }],
        "total_word_count": 413
    }, {
        "url": "https://net.hr/sport/na-rubu-sporta/poznati-nogometas-namjerno-gadao-novinarku-loptom-njezina-reakcije-je-sve-odusevila-ostala-je-hladna-kao-spricer-c364cebc-34d3-11ed-977f-4ef3560344fa",
        "author": "Sportski net",
        "date": "1663231971",
        "title": "Poznati nogometaš namjerno gađao novinarku loptom: Njezina reakcije je sve oduševila, ostala je...",
        "host": "net.hr",
        "quote": "Llorisu u Tottenhamu . Od  \u003cspan class='rec'\u003eove\u003c/span\u003e godine nosi dres škotskog ;",
        "WordCount": [{
            "word": "ove",
            "count": 1,
            "freq": 0.38022813
        }],
        "total_word_count": 263
    }, {
        "url": "https://www.index.hr/clanak.aspx?id=2395220",
        "author": "Index Shopping",
        "date": "1663231920",
        "title": "Otputujte ove jeseni u London: Izdvojili smo dobre ponude",
        "host": "index.hr",
        "quote": "Otputujte  \u003cspan class='rec'\u003eove\u003c/span\u003e jeseni u London : ;",
        "WordCount": [{
            "word": "ove",
            "count": 1,
            "freq": 0.105596624
        }],
        "total_word_count": 947
    }, {
        "url": "https://www.rtl.hr/vijesti/crna-kronika/strasna-nesreca-kod-ludbrega-vlak-naletio-na-automobil-poginuli-zena-27-i-dijete-4-821c5d46-34d1-11ed-93df-aa98240910dd",
        "author": "RTL Vijesti",
        "date": "1663231184",
        "title": "Strašna nesreća kod Ludbrega! U naletu vlaka na automobil poginuli žena (27) i dvoje malene djece",
        "host": "rtl.hr",
        "quote": "utvrdilo kako je došlo do  \u003cspan class='rec'\u003eove\u003c/span\u003e tragične nesreće . Upravo ;",
        "WordCount": [{
            "word": "ove",
            "count": 1,
            "freq": 0.5988024
        }],
        "total_word_count": 167
    }, {
        "url": "https://www.24sata.hr/news/kroz-hrvatske-zracne-luke-dosad-je-proslo-228-posto-vise-putnika-nego-u-2021-860398",
        "author": "HINA",
        "date": "1663230840",
        "title": "Kroz hrvatske zračne luke dosad je prošlo 228 posto više putnika nego u 2021.",
        "host": "24sata.hr",
        "quote": "luke u prvih sedam mjeseci  \u003cspan class='rec'\u003eove\u003c/span\u003e godine opslužile su 5 ;pokazuje i da za time  \u003cspan class='rec'\u003eove\u003c/span\u003e godine zaostaje za oko ;",
        "WordCount": [{
            "word": "ove",
            "count": 2,
            "freq": 0.42643923
        }],
        "total_word_count": 469
    }, {
        "url": "https://www.rtl.hr/show/krv-nije-voda/zanimljivosti/navijaci-se-pobunili-na-fifa-u-radnici-su-umirali-gradeci-stadione-zasluzuju-odstetu-af842bca-34d0-11ed-92b8-22c5dcb44e06",
        "author": "RTL hr; Hina",
        "date": "1663230799",
        "title": "Navijači se pobunili na FIFA-u: Radnici su umirali gradeći stadione, zaslužuju odštetu",
        "host": "rtl.hr",
        "quote": "prima na znanje \" rezultate  \u003cspan class='rec'\u003eove\u003c/span\u003e ankete i inzistira na ;",
        "WordCount": [{
            "word": "ove",
            "count": 1,
            "freq": 0.42553192
        }],
        "total_word_count": 235
    }, {
        "url": "https://www.24sata.hr/show/kontroverzni-princ-andrew-je-stajao-kraj-lijesa-ali-nije-nosio-uniformu-vec-odijelo-evo-i-zasto-860373",
        "author": "Lucija Basa",
        "date": "1663230720",
        "title": "Kontroverzni princ Andrew je stajao kraj lijesa, ali nije nosio uniformu već odijelo. Evo i zašto",
        "host": "24sata.hr",
        "quote": "tužila princa Andrewa , početkom  \u003cspan class='rec'\u003eove\u003c/span\u003e godine , postigli su ;",
        "WordCount": [{
            "word": "ove",
            "count": 1,
            "freq": 0.38314176
        }],
        "total_word_count": 261
    }, {
        "url": "https://www.24sata.hr/news/zastupnici-ponovno-u-klupama-rosade-nova-lica-aktualac-odgodili-jer-je-premijer-bolestan-860388",
        "author": "Nikol Zagorac",
        "date": "1663230600",
        "title": "Zastupnici ponovno u klupama: Krenuli žestoko, Jandroković izbacio Peović, pljušte opomene",
        "host": "24sata.hr",
        "quote": "Zastupnike  \u003cspan class='rec'\u003eove\u003c/span\u003e jeseni čeka puno posla ;izašao iz koalicije . Zastupnike  \u003cspan class='rec'\u003eove\u003c/span\u003e jeseni čeka puno posla ;",
        "WordCount": [{
            "word": "ove",
            "count": 2,
            "freq": 0.09394082
        }],
        "total_word_count": 2129
    }, {
        "url": "https://www.24sata.hr/sport/policija-uhitila-navijaca-koji-je-pucao-iz-raketnog-bacaca-860377",
        "author": "HINA; Davor Kovačević",
        "date": "1663229520",
        "title": "Policija uhitila navijača koji je pucao iz raketnog bacača",
        "host": "24sata.hr",
        "quote": "NK Plitvice , kao organizatora  \u003cspan class='rec'\u003eove\u003c/span\u003e utakmice , odlučit će ;",
        "WordCount": [{
            "word": "ove",
            "count": 1,
            "freq": 0.14409222
        }],
        "total_word_count": 694
    }, {
        "url": "https://net.hr/danas/svijet/uznemirujuce-otkrice-smrtonosne-nuspojave-se-mogu-javiti-do-godinu-dana-nakon-covida-19-8e81a6e2-34c0-11ed-a3d9-624508120906",
        "author": "Danas hr",
        "date": "1663228838",
        "title": "Uznemirujuće novo otkriće: Smrtonosne nuspojave se mogu javiti do godinu dana nakon što ste...",
        "host": "net.hr",
        "quote": "mogli smanjiti rizik od razvoja  \u003cspan class='rec'\u003eove\u003c/span\u003e bolesti . Prema novoj ;",
        "WordCount": [{
            "word": "ove",
            "count": 1,
            "freq": 0.16556291
        }],
        "total_word_count": 604
    }, {
        "url": "https://www.index.hr/clanak.aspx?id=2395304",
        "author": "Hina",
        "date": "1663228080",
        "title": "SAD neće dati Egiptu 130 milijuna dolara vojne pomoći zbog stanja ljudskih prava",
        "host": "index.hr",
        "quote": "broja političkih zatvorenika koji je  \u003cspan class='rec'\u003eove\u003c/span\u003e godine manji za njih ;",
        "WordCount": [{
            "word": "ove",
            "count": 1,
            "freq": 0.20746888
        }],
        "total_word_count": 482
    }, {
        "url": "https://net.hr/sport/nogomet/evo-u-kakvim-dresovima-ce-hrvatska-zaigrati-u-kataru-neobicne-kombinacije-i-prepoznatljive-kockice-695116ca-34c8-11ed-a6d9-aade5bf6dc59",
        "author": "Sportski net",
        "date": "1663227140",
        "title": "Evo u kakvim dresovima će Hrvatska zaigrati u Kataru: Neobične kombinacije i prepoznatljive...",
        "host": "net.hr",
        "quote": " \u003cspan class='rec'\u003eOve\u003c/span\u003e zime , točnije u ;",
        "WordCount": [{
            "word": "ove",
            "count": 1,
            "freq": 0.8333333
        }],
        "total_word_count": 120
    }, {
        "url": "https://net.hr/danas/plenkovicu-nije-bilo-dovoljno-sto-su-svi-zaboravili-na-slucaj-ina-umjesto-da-slavi-oporavak-on-je-odlucio-pumpati-strah-od-terorizma-61880ad0-3445-11ed-97ce-6a40b194c6c5",
        "author": "Đurđica Klancir",
        "date": "1663224800",
        "title": "Plenkoviću nije bilo dovoljno što su svi zaboravili na slučaj Ina: Odlučio je dodatno pumpati strah...",
        "host": "net.hr",
        "quote": "voli : U odnosu na  \u003cspan class='rec'\u003eove\u003c/span\u003e on je … Zna ;",
        "WordCount": [{
            "word": "ove",
            "count": 1,
            "freq": 0.106723584
        }],
        "total_word_count": 937
    }, {
        "url": "https://www.index.hr/clanak.aspx?id=2395294",
        "author": "Index Sport",
        "date": "1663223820",
        "title": "Dončić: Izdao sam državu",
        "host": "index.hr",
        "quote": "u vrijeme kvalifikacija u studenom  \u003cspan class='rec'\u003eove\u003c/span\u003e i veljači iduće godine ;",
        "WordCount": [{
            "word": "ove",
            "count": 1,
            "freq": 0.38022813
        }],
        "total_word_count": 263
    }, {
        "url": "https://www.24sata.hr/news/sad-uskratile-egiptu-130-milijuna-dolara-pomoci-zbog-loseg-stanja-ljudskih-prava-860355",
        "author": "HINA",
        "date": "1663223220",
        "title": "SAD uskratile Egiptu 130 milijuna dolara pomoći zbog lošeg stanja ljudskih prava",
        "host": "24sata.hr",
        "quote": "broja političkih zatvorenika koji je  \u003cspan class='rec'\u003eove\u003c/span\u003e godine manji za njih ;",
        "WordCount": [{
            "word": "ove",
            "count": 1,
            "freq": 0.22727273
        }],
        "total_word_count": 440
    }, {
        "url": "https://www.rtl.hr/sport/nogomet/ovako-stoje-stvari-za-dinamo-nakon-drugog-kola-lige-prvaka-modri-u-idealnoj-poziciji-a-chelsea-je-ponovno-kiksao-11b039fa-34be-11ed-9357-2aecb1ce1b8c",
        "author": "Hina; RTL hr",
        "date": "1663222672",
        "title": "Ovako stoje stvari za Dinamo nakon drugog kola Lige prvaka: Modri u idealnoj poziciji",
        "host": "rtl.hr",
        "quote": ". U prvom susretu iz  \u003cspan class='rec'\u003eove\u003c/span\u003e skupine Milan je na ;",
        "WordCount": [{
            "word": "ove",
            "count": 1,
            "freq": 0.61728394
        }],
        "total_word_count": 162
    }, {
        "url": "https://www.24sata.hr/show/raskalaseni-princ-harry-bio-je-glavni-na-zabavama-a-britaniju-je-napustio-zbog-mira-s-meghan-860002",
        "author": "Lucija Basa",
        "date": "1663221120",
        "title": "Raskalašeni princ Harry bio je glavni na zabavama, a Britaniju je napustio zbog mira s Meghan",
        "host": "24sata.hr",
        "quote": "za zabavu . Barem su  \u003cspan class='rec'\u003eove\u003c/span\u003e hlače podsjetnik na to ;",
        "WordCount": [{
            "word": "ove",
            "count": 1,
            "freq": 0.14556041
        }],
        "total_word_count": 687
    }, {
        "url": "https://www.index.hr/clanak.aspx?id=2394974",
        "author": "Index Vijesti; Hina",
        "date": "1663200300",
        "title": "Ukrajinci na korak do Hersona? Ukrajinskom gradu prijeti poplava zbog raketnog napada",
        "host": "index.hr",
        "quote": "EU planira spriječiti divljanje cijena  \u003cspan class='rec'\u003eove\u003c/span\u003e zime . Dopisnica Sky ;",
        "WordCount": [{
            "word": "ove",
            "count": 1,
            "freq": 0.029019153
        }],
        "total_word_count": 3446
    }, {
        "url": "https://net.hr/hot/film/volite-price-o-kraljevskim-dvorima-onda-svakako-zakazite-filmski-kraljevski-maraton-jer-ove-filmove-morate-pogledati-3afb54ee-303a-11ed-81c8-b2d2f05c7ab0",
        "author": "Hot hr",
        "date": "1663200000",
        "title": "Gutate sve intrige s kraljevskih dvora? Onda morate pogledati ovih 10 odličnih filmova o...",
        "host": "net.hr",
        "quote": "i neizostavnih intriga koje prate  \u003cspan class='rec'\u003eove\u003c/span\u003e priče , sigurno je ;",
        "WordCount": [{
            "word": "ove",
            "count": 1,
            "freq": 0.70422536
        }],
        "total_word_count": 142
    }],
    "is_error": false,
    "error_message": "",
    "word_count_total": [{
        "word": "ove",
        "count": 127,
        "freq": 0.23864107
    }],
    "word_count_all_total": 53218
}